date,mmm_yy,week_no
2022-04-01,Apr-2022,W 14
2022-04-03,Apr-2022,W 15
2022-04-04,Apr-2022,W 15
2022-04-05,Apr-2022,W 15
2022-04-06,Apr-2022,W 15
2022-04-07,Apr-2022,W 15
2022-04-08,Apr-2022,W 15
2022-04-09,Apr-2022,W 15
2022-04-10,Apr-2022,W 16
2022-04-11,Apr-2022,W 16
2022-04-12,Apr-2022,W 16
2022-04-13,Apr-2022,W 16
2022-04-14,Apr-2022,W 16
2022-04-15,Apr-2022,W 16
2022-04-16,Apr-2022,W 16
2022-04-02,Apr-2022,W 14
2022-04-17,Apr-2022,W 17
2022-04-18,Apr-2022,W 17
2022-04-19,Apr-2022,W 17
2022-04-20,Apr-2022,W 17
2022-04-21,Apr-2022,W 17
2022-04-22,Apr-2022,W 17
2022-04-23,Apr-2022,W 17
2022-04-24,Apr-2022,W 18
2022-04-25,Apr-2022,W 18
2022-04-26,Apr-2022,W 18
2022-04-27,Apr-2022,W 18
2022-04-28,Apr-2022,W 18
2022-04-29,Apr-2022,W 18
2022-04-30,Apr-2022,W 18
2022-08-16,Aug-2022,W 34
2022-08-01,Aug-2022,W 32
2022-08-02,Aug-2022,W 32
2022-08-03,Aug-2022,W 32
2022-08-04,Aug-2022,W 32
2022-08-05,Aug-2022,W 32
2022-08-06,Aug-2022,W 32
2022-08-07,Aug-2022,W 33
2022-08-08,Aug-2022,W 33
2022-08-09,Aug-2022,W 33
2022-08-10,Aug-2022,W 33
2022-08-11,Aug-2022,W 33
2022-08-12,Aug-2022,W 33
2022-08-13,Aug-2022,W 33
2022-08-14,Aug-2022,W 34
2022-08-15,Aug-2022,W 34
2022-08-17,Aug-2022,W 34
2022-08-18,Aug-2022,W 34
2022-08-19,Aug-2022,W 34
2022-08-20,Aug-2022,W 34
2022-08-21,Aug-2022,W 35
2022-08-22,Aug-2022,W 35
2022-08-23,Aug-2022,W 35
2022-08-24,Aug-2022,W 35
2022-08-25,Aug-2022,W 35
2022-08-26,Aug-2022,W 35
2022-08-27,Aug-2022,W 35
2022-08-28,Aug-2022,W 36
2022-08-29,Aug-2022,W 36
2022-08-30,Aug-2022,W 36
2022-07-16,Jul-2022,W 29
2022-07-02,Jul-2022,W 27
2022-07-03,Jul-2022,W 28
2022-07-04,Jul-2022,W 28
2022-07-05,Jul-2022,W 28
2022-07-06,Jul-2022,W 28
2022-07-07,Jul-2022,W 28
2022-07-08,Jul-2022,W 28
2022-07-09,Jul-2022,W 28
2022-07-10,Jul-2022,W 29
2022-07-11,Jul-2022,W 29
2022-07-12,Jul-2022,W 29
2022-07-13,Jul-2022,W 29
2022-07-14,Jul-2022,W 29
2022-07-15,Jul-2022,W 29
2022-07-01,Jul-2022,W 27
2022-07-17,Jul-2022,W 30
2022-07-18,Jul-2022,W 30
2022-07-19,Jul-2022,W 30
2022-07-20,Jul-2022,W 30
2022-07-21,Jul-2022,W 30
2022-07-22,Jul-2022,W 30
2022-07-23,Jul-2022,W 30
2022-07-24,Jul-2022,W 31
2022-07-25,Jul-2022,W 31
2022-07-26,Jul-2022,W 31
2022-07-27,Jul-2022,W 31
2022-07-28,Jul-2022,W 31
2022-07-29,Jul-2022,W 31
2022-07-30,Jul-2022,W 31
2022-07-31,Jul-2022,W 32
2022-06-01,Jun-2022,W 23
2022-06-02,Jun-2022,W 23
2022-06-03,Jun-2022,W 23
2022-06-04,Jun-2022,W 23
2022-06-05,Jun-2022,W 24
2022-06-06,Jun-2022,W 24
2022-06-07,Jun-2022,W 24
2022-06-08,Jun-2022,W 24
2022-06-09,Jun-2022,W 24
2022-06-10,Jun-2022,W 24
2022-06-11,Jun-2022,W 24
2022-06-12,Jun-2022,W 25
2022-06-13,Jun-2022,W 25
2022-06-14,Jun-2022,W 25
2022-06-15,Jun-2022,W 25
2022-06-16,Jun-2022,W 25
2022-06-17,Jun-2022,W 25
2022-06-18,Jun-2022,W 25
2022-06-19,Jun-2022,W 26
2022-06-20,Jun-2022,W 26
2022-06-21,Jun-2022,W 26
2022-06-22,Jun-2022,W 26
2022-06-23,Jun-2022,W 26
2022-06-24,Jun-2022,W 26
2022-06-25,Jun-2022,W 26
2022-06-26,Jun-2022,W 27
2022-06-27,Jun-2022,W 27
2022-06-28,Jun-2022,W 27
2022-06-29,Jun-2022,W 27
2022-06-30,Jun-2022,W 27
2022-03-16,Mar-2022,W 12
2022-03-02,Mar-2022,W 10
2022-03-03,Mar-2022,W 10
2022-03-04,Mar-2022,W 10
2022-03-05,Mar-2022,W 10
2022-03-06,Mar-2022,W 11
2022-03-07,Mar-2022,W 11
2022-03-08,Mar-2022,W 11
2022-03-09,Mar-2022,W 11
2022-03-10,Mar-2022,W 11
2022-03-11,Mar-2022,W 11
2022-03-12,Mar-2022,W 11
2022-03-13,Mar-2022,W 12
2022-03-14,Mar-2022,W 12
2022-03-15,Mar-2022,W 12
2022-03-01,Mar-2022,W 10
2022-03-17,Mar-2022,W 12
2022-03-18,Mar-2022,W 12
2022-03-19,Mar-2022,W 12
2022-03-20,Mar-2022,W 13
2022-03-21,Mar-2022,W 13
2022-03-22,Mar-2022,W 13
2022-03-23,Mar-2022,W 13
2022-03-24,Mar-2022,W 13
2022-03-25,Mar-2022,W 13
2022-03-26,Mar-2022,W 13
2022-03-27,Mar-2022,W 14
2022-03-28,Mar-2022,W 14
2022-03-29,Mar-2022,W 14
2022-03-30,Mar-2022,W 14
2022-03-31,Mar-2022,W 14
2022-05-01,May-2022,W 19
2022-05-02,May-2022,W 19
2022-05-03,May-2022,W 19
2022-05-04,May-2022,W 19
2022-05-05,May-2022,W 19
2022-05-06,May-2022,W 19
2022-05-07,May-2022,W 19
2022-05-08,May-2022,W 20
2022-05-09,May-2022,W 20
2022-05-10,May-2022,W 20
2022-05-11,May-2022,W 20
2022-05-12,May-2022,W 20
2022-05-13,May-2022,W 20
2022-05-14,May-2022,W 20
2022-05-15,May-2022,W 21
2022-05-16,May-2022,W 21
2022-05-17,May-2022,W 21
2022-05-18,May-2022,W 21
2022-05-19,May-2022,W 21
2022-05-20,May-2022,W 21
2022-05-21,May-2022,W 21
2022-05-22,May-2022,W 22
2022-05-23,May-2022,W 22
2022-05-24,May-2022,W 22
2022-05-25,May-2022,W 22
2022-05-26,May-2022,W 22
2022-05-27,May-2022,W 22
2022-05-28,May-2022,W 22
2022-05-29,May-2022,W 23
2022-05-30,May-2022,W 23
2022-05-31,May-2022,W 23
